url,title,imageurl,category,newname,time
https://laodong.vn/thoi-su/coi-trong-nam-bat-du-luan-ve-nhung-su-kien-tac-dong-lon-den-doi-song-xa-hoi-987616.ldo,Coi trọng nắm bắt dư luận về những sự kiện tác động lớn đến đời sống xã hội,https://media-cdn.laodong.vn/storage/newsportal/2021/12/23/987616/6Ad9449885b04fee16a1.jpg?w=888&h=592&crop=auto&scale=both,Thời sự,laodong.vn,23/12/2021 | 13:09
https://laodong.vn/thoi-su/thu-tuong-yeu-cau-dieu-tra-mo-rong-vu-an-xay-ra-tai-cong-ty-viet-a-987420.ldo,"Thủ tướng yêu cầu điều tra, mở rộng vụ án xảy ra tại Công ty Việt Á",https://media-cdn.laodong.vn/storage/newsportal/2021/12/22/987420/Ttgpmc.jpeg?w=888&h=592&crop=auto&scale=both,Thời sự,laodong.vn,22/12/2021 | 19:05
https://laodong.vn/thoi-su/san-sang-cac-noi-dung-chuan-bi-cho-ky-hop-bat-thuong-quoc-hoi-khoa-xv-987076.ldo,Sẵn sàng các nội dung chuẩn bị cho kỳ họp bất thường Quốc hội khoá XV,https://media-cdn.laodong.vn/storage/newsportal/2021/12/21/987076/202112211736024330_D.jpg?w=888&h=592&crop=auto&scale=both,Thời sự,laodong.vn,21/12/2021 | 20:10
https://laodong.vn/thoi-su/thu-tuong-chinh-phu-dang-huong-tai-khu-mo-dai-tuong-vo-nguyen-giap-987137.ldo,Thủ tướng Chính phủ dâng hương tại Khu mộ Đại tướng Võ Nguyên Giáp,https://media-cdn.laodong.vn/storage/newsportal/2021/12/21/987137/IMG_9694.JPG?w=888&h=592&crop=auto&scale=both,Thời sự,laodong.vn,22/12/2021 | 07:16
https://laodong.vn/thoi-su/bi-thu-hai-duong-yeu-cau-dinh-chi-chuc-vu-giam-doc-cdc-trong-ngay-2112-987043.ldo,Bí thư Hải Dương yêu cầu đình chỉ chức vụ Giám đốc CDC trong ngày 21.12,https://media-cdn.laodong.vn/storage/newsportal/2021/12/21/987043/Bo-Test-Kit-Covid-19.jpg?w=888&h=592&crop=auto&scale=both,Thời sự,laodong.vn,21/12/2021 | 18:21
https://laodong.vn/thoi-su/dinh-chi-sinh-hoat-dang-giam-doc-cdc-hai-duong-987094.ldo,Đình chỉ sinh hoạt Đảng Giám đốc CDC Hải Dương,https://media-cdn.laodong.vn/storage/newsportal/2021/12/21/987094/Img-Bgt-2021-2-128-1-02.jpg?w=888&h=592&crop=auto&scale=both,Thời sự,laodong.vn,21/12/2021 | 21:18
https://laodong.vn/thoi-su/thu-tuong-du-le-khoi-cong-2-cong-trinh-ha-tang-giao-thong-tinh-hung-yen-987547.ldo,Thủ tướng dự lễ khởi công 2 công trình hạ tầng giao thông tỉnh Hưng Yên,https://media-cdn.laodong.vn/storage/newsportal/2021/12/23/987547/IMG_1890.jpeg?w=888&h=592&crop=auto&scale=both,Thời sự,laodong.vn,23/12/2021 | 09:25
https://laodong.vn/thoi-su/thu-tuong-du-le-ky-niem-110-nam-ngay-sinh-dai-tuong-vo-nguyen-giap-987190.ldo,Thủ tướng dự Lễ kỷ niệm 110 năm Ngày sinh Đại tướng Võ Nguyên Giáp,https://media-cdn.laodong.vn/storage/newsportal/2021/12/22/987190/2.JPG?w=888&h=592&crop=auto&scale=both,Thời sự,laodong.vn,22/12/2021 | 12:37
https://laodong.vn/thoi-su/cai-tien-doi-moi-hon-nua-viec-tuong-tac-giua-dai-bieu-quoc-hoi-voi-cu-tri-987630.ldo,"Cải tiến, đổi mới hơn nữa việc tương tác giữa đại biểu Quốc hội với cử tri",https://media-cdn.laodong.vn/storage/newsportal/2021/12/23/987630/Chu-Tich-QH-Vuong-Di.JPG?w=888&h=592&crop=auto&scale=both,Thời sự,laodong.vn,23/12/2021 | 13:23
https://laodong.vn/thoi-su/chu-tich-nuoc-chuc-mung-dong-bao-cong-giao-nhan-dip-giang-sinh-987625.ldo,Chủ tịch nước chúc mừng đồng bào Công giáo nhân dịp Giáng sinh,https://media-cdn.laodong.vn/storage/newsportal/2021/12/23/987625/Chu-Tich-Nuoc4-23122.jpg?w=888&h=592&crop=auto&scale=both,Thời sự,laodong.vn,23/12/2021 | 13:18
https://laodong.vn/thoi-su/chinh-phu-khong-dong-y-nhap-37-toa-xe-da-qua-su-dung-cua-nhat-ban-987579.ldo,Chính phủ không đồng ý nhập 37 toa xe đã qua sử dụng của Nhật Bản,https://media-cdn.laodong.vn/storage/newsportal/2021/12/23/987579/Img-Bgt-2021-Toa-Tau.jpg?w=888&h=592&crop=auto&scale=both,Thời sự,laodong.vn,23/12/2021 | 11:25
https://laodong.vn/thoi-su/thu-tuong-chung-kien-hung-yen-trao-quyet-dinh-cac-du-an-tri-gia-6-ti-usd-987623.ldo,Thủ tướng chứng kiến Hưng Yên trao quyết định các dự án trị giá 6 tỉ USD,https://media-cdn.laodong.vn/storage/newsportal/2021/12/23/987623/IMG_0071.JPG?w=888&h=592&crop=auto&scale=both,Thời sự,laodong.vn,23/12/2021 | 12:39
https://laodong.vn/thoi-su/bo-nhiem-dieu-dong-nhieu-nhan-su-cong-an-ha-tinh-987591.ldo,"Bổ nhiệm, điều động nhiều nhân sự công an Hà Tĩnh",https://media-cdn.laodong.vn/storage/newsportal/2021/12/23/987591/Bo-Nhiem.jpg?w=888&h=592&crop=auto&scale=both,Thời sự,laodong.vn,23/12/2021 | 11:19
https://laodong.vn/thoi-su/nam-2021-nganh-tuyen-giao-da-co-nhieu-hoat-dong-doi-moi-sang-tao-987569.ldo,"Năm 2021, ngành tuyên giáo đã có nhiều hoạt động đổi mới, sáng tạo",https://media-cdn.laodong.vn/storage/newsportal/2021/12/23/987569/HR5_9474.JPG?w=888&h=592&crop=auto&scale=both,Thời sự,laodong.vn,23/12/2021 | 11:18
https://laodong.vn/thoi-su/cong-tac-phong-chong-ma-tuy-phai-kien-quyet-ca-2-mui-dau-cung-va-dau-cau-987413.ldo,"Công tác phòng, chống ma túy phải kiên quyết cả 2 mũi đầu cung và đầu cầu",https://media-cdn.laodong.vn/storage/newsportal/2021/12/22/987413/Ma-Tuy-1.jpg?w=888&h=592&crop=auto&scale=both,Thời sự,laodong.vn,22/12/2021 | 18:54
https://laodong.vn/thoi-su/thu-tuong-quang-binh-can-cai-thien-moi-truong-dau-tu-thu-hut-doanh-nghiep-987402.ldo,Thủ tướng: Quảng Bình cần cải thiện môi trường đầu tư thu hút doanh nghiệp,https://media-cdn.laodong.vn/storage/newsportal/2021/12/22/987402/A1--THU-TUONG-PHAM-M.jpg?w=888&h=592&crop=auto&scale=both,Thời sự,laodong.vn,22/12/2021 | 18:53
https://laodong.vn/thoi-su/khan-truong-khoi-phuc-lai-cac-chuyen-bay-thuong-mai-quoc-te-987408.ldo,Khẩn trương khôi phục lại các chuyến bay thương mại quốc tế,https://media-cdn.laodong.vn/storage/newsportal/2021/12/22/987408/Khoiphuc.jpg?w=888&h=592&crop=auto&scale=both,Thời sự,laodong.vn,22/12/2021 | 18:17
https://laodong.vn/thoi-su/dai-tuong-vo-nguyen-giap-thien-tai-quan-su-nha-lanh-dao-co-uy-tin-lon-tam-guong-ngoi-sang-ve-dao-duc-cach-mang-987380.ldo,"Đại tướng Võ Nguyên Giáp, thiên tài quân sự, nhà lãnh đạo có uy tín lớn, tấm gương ngời sáng về đạo đức cách mạng",https://media-cdn.laodong.vn/storage/newsportal/2021/12/22/987380/111.jpeg?w=888&h=592&crop=auto&scale=both,Thời sự,laodong.vn,22/12/2021 | 17:38
https://laodong.vn/thoi-su/chu-tich-nuoc-ket-thuc-tot-dep-chuyen-tham-campuchia-987314.ldo,Chủ tịch nước kết thúc tốt đẹp chuyến thăm Campuchia,https://media-cdn.laodong.vn/storage/newsportal/2021/12/22/987314/CTN2.jpeg?w=888&h=592&crop=auto&scale=both,Thời sự,laodong.vn,22/12/2021 | 15:54
https://laodong.vn/thoi-su/tuyen-bo-chung-viet-nam-campuchia-nhan-chuyen-tham-cua-chu-tich-nuoc-987281.ldo,Tuyên bố chung Việt Nam-Campuchia nhân chuyến thăm của Chủ tịch nước,https://media-cdn.laodong.vn/storage/newsportal/2021/12/22/987281/Chu-Tich-Nuoc.jpeg?w=888&h=592&crop=auto&scale=both,Thời sự,laodong.vn,22/12/2021 | 15:11
https://laodong.vn/thoi-su/ky-ket-hop-tac-ve-viec-tim-kiem-hai-cot-liet-si-tai-campuchia-987231.ldo,Ký kết hợp tác về việc tìm kiếm hài cốt liệt sĩ tại Campuchia,https://media-cdn.laodong.vn/storage/newsportal/2021/12/22/987231/Ki-Ket.JPG?w=888&h=592&crop=auto&scale=both,Thời sự,laodong.vn,22/12/2021 | 11:40
https://laodong.vn/thoi-su/trao-giai-cuoc-thi-vo-nguyen-giap-dai-tuong-cua-nhan-dan-987135.ldo,Trao giải cuộc thi “Võ Nguyên Giáp - Đại tướng của Nhân dân”,https://media-cdn.laodong.vn/storage/newsportal/2021/12/21/987135/5-5.JPG?w=888&h=592&crop=auto&scale=both,Thời sự,laodong.vn,22/12/2021 | 08:13
https://laodong.vn/thoi-su/viet-nam-campuchia-day-manh-ket-noi-2-nen-kinh-te-987134.ldo,Việt Nam - Campuchia đẩy mạnh kết nối 2 nền kinh tế,https://media-cdn.laodong.vn/storage/newsportal/2021/12/21/987134/Campuchia2.jpg?w=888&h=592&crop=auto&scale=both,Thời sự,laodong.vn,22/12/2021 | 07:16
https://laodong.vn/thoi-su/chu-tich-nuoc-nguyen-xuan-phuc-hoi-kien-quoc-vuong-campuchia-987092.ldo,Chủ tịch nước Nguyễn Xuân Phúc hội kiến Quốc vương Campuchia,https://media-cdn.laodong.vn/storage/newsportal/2021/12/21/987092/Chu-Tich-Nuoc10.jpeg?w=888&h=592&crop=auto&scale=both,Thời sự,laodong.vn,21/12/2021 | 20:53
https://laodong.vn/thoi-su/viet-nam-tang-campuchia-25-trieu-usd-xay-toa-nha-moi-quoc-hoi-987095.ldo,Việt Nam tặng Campuchia 25 triệu USD xây toà nhà mới Quốc hội,https://media-cdn.laodong.vn/storage/newsportal/2021/12/21/987095/Campuchia2.jpeg?w=888&h=592&crop=auto&scale=both,Thời sự,laodong.vn,21/12/2021 | 20:52
https://laodong.vn/xa-hoi/cau-54-ti-dong-o-ca-mau-chua-kip-thong-xe-bat-ngo-do-sap-986975.ldo,Cầu 54 tỉ đồng ở Cà Mau chưa kịp thông xe bất ngờ đổ sập,https://media-cdn.laodong.vn/storage/newsportal/2021/12/21/986975/Cau.jpg?w=888&h=592&crop=auto&scale=both,Xã hội,laodong.vn,21/12/2021 | 15:50
https://laodong.vn/suc-khoe/5-loai-la-cay-giup-giam-viem-da-di-ung-985856.ldo,5 loại lá cây giúp giảm viêm da dị ứng,https://media-cdn.laodong.vn/Storage/NewsPortal/2021/12/17/985856/F8266135d944131a4a55.jpg,Sức khỏe,laodong.vn,22/12/2021 | 20:00
https://laodong.vn/kinh-te/thong-doc-ngan-hang-nha-nuoc-noi-gi-ve-lai-suat-cua-cong-ty-tai-chinh-987077.ldo,Thống đốc Ngân hàng Nhà nước nói gì về lãi suất của công ty tài chính,https://media-cdn.laodong.vn/storage/newsportal/2021/12/21/987077/Ty_Gia_Ngoai_Te_Hom_.jpg?w=888&h=592&crop=auto&scale=both,Kinh doanh,laodong.vn,21/12/2021 | 20:34
https://laodong.vn/xa-hoi/vu-kit-test-tai-cong-ty-viet-a-dau-hoi-ve-trach-nhiem-987016.ldo,Vụ kit test tại Công ty Việt Á: Dấu hỏi về trách nhiệm,https://media-cdn.laodong.vn/storage/newsportal/2021/12/21/987016/Kit-Thu-Zxav-1639965.jpg?w=888&h=592&crop=auto&scale=both,Xã hội,laodong.vn,21/12/2021 | 17:52
https://laodong.vn/phap-luat/ninh-binh-nang-khong-trong-luong-lon-phai-tieu-huy-de-truc-loi-987000.ldo,Ninh Bình: Nâng khống trọng lượng lợn phải tiêu hủy để trục lợi,https://media-cdn.laodong.vn/storage/newsportal/2021/12/21/987000/IMG-4643.jpg?w=888&h=592&crop=auto&scale=both,Pháp luật,laodong.vn,21/12/2021 | 19:29
https://laodong.vn/xa-hoi/diem-lai-nhung-cay-cau-xay-bong-dung-bi-sap-o-ca-mau-987145.ldo,Điểm lại những cây cầu xây bỗng dưng bị... sập ở Cà Mau,https://media-cdn.laodong.vn/storage/newsportal/2021/12/22/987145/Cau.jpg?w=888&h=592&crop=auto&scale=both,Xã hội,laodong.vn,22/12/2021 | 08:31
https://laodong.vn/the-gioi/bi-an-sinh-vat-co-dai-500-trieu-nam-truoc-co-kim-loai-quy-lan-trong-phan-987607.ldo,Bí ẩn sinh vật cổ đại 500 triệu năm trước có kim loại quý lẫn trong phân,https://media-cdn.laodong.vn/storage/newsportal/2021/12/23/987607/Giun-2.jpg?w=888&h=592&crop=auto&scale=both,Thế giới,laodong.vn,23/12/2021 | 13:30
https://laodong.vn/the-gioi/nga-dot-ngot-ngung-cap-khi-dot-gia-nang-luong-chau-au-tang-vot-987138.ldo,"Nga đột ngột ngừng cấp khí đốt, giá năng lượng Châu Âu tăng vọt",https://media-cdn.laodong.vn/storage/newsportal/2021/12/21/987138/Duong-Ong-Dan-Khi.jpeg?w=888&h=592&crop=auto&scale=both,Thế giới,laodong.vn,22/12/2021 | 07:54
https://laodong.vn/the-gioi/su-song-tren-sao-kim-co-the-la-su-that-986995.ldo,Sự sống trên sao Kim có thể là sự thật?,https://media-cdn.laodong.vn/storage/newsportal/2021/12/21/986995/61C1836c85f54070b120.jpeg?w=888&h=592&crop=auto&scale=both,Thế giới,laodong.vn,21/12/2021 | 16:26
https://laodong.vn/the-gioi/thoi-gian-u-benh-cua-bien-the-omicron-la-bao-lau-987162.ldo,Thời gian ủ bệnh của biến thể Omicron là bao lâu?,https://media-cdn.laodong.vn/storage/newsportal/2021/12/22/987162/Omicron.jpg?w=888&h=592&crop=auto&scale=both,Thế giới,laodong.vn,22/12/2021 | 09:54
https://laodong.vn/the-gioi/nhung-hanh-tinh-giong-trai-dat-nhat-tung-duoc-phat-hien-987214.ldo,Những hành tinh giống Trái đất nhất từng được phát hiện,https://media-cdn.laodong.vn/storage/newsportal/2021/12/22/987214/Kepler-186F-01.jpg?w=888&h=592&crop=auto&scale=both,Thế giới,laodong.vn,22/12/2021 | 13:30
https://laodong.vn/the-gioi/phoi-khung-long-hoan-hao-nhu-the-vua-chet-ngay-hom-qua-987194.ldo,Phôi khủng long hoàn hảo như thể vừa chết ngày hôm qua,https://media-cdn.laodong.vn/storage/newsportal/2021/12/22/987194/Khung-Long.jpg?w=888&h=592&crop=auto&scale=both,Thế giới,laodong.vn,22/12/2021 | 11:00
https://laodong.vn/the-gioi/trung-quoc-khai-hoa-mat-troi-nhan-tao-987525.ldo,"Trung Quốc khai hỏa ""mặt trời nhân tạo""",https://media-cdn.laodong.vn/storage/newsportal/2021/12/23/987525/Mat-Troi-Nhan-Tao.jpeg?w=888&h=592&crop=auto&scale=both,Thế giới,laodong.vn,23/12/2021 | 07:53
https://laodong.vn/the-gioi/loai-cay-dac-biet-ti-phu-giau-nhat-chau-a-chi-bon-tien-tau-ve-987072.ldo,Loại cây đặc biệt tỉ phú giàu nhất Châu Á chi bộn tiền tậu về,https://media-cdn.laodong.vn/storage/newsportal/2021/12/21/987072/Ti-Phu-Ambani.JPG?w=888&h=592&crop=auto&scale=both,Thế giới,laodong.vn,22/12/2021 | 10:00
https://laodong.vn/the-gioi/15-su-kien-the-gioi-lan-dau-tien-xay-ra-trong-nam-2021-987589.ldo,15 sự kiện thế giới lần đầu tiên xảy ra trong năm 2021,https://media-cdn.laodong.vn/Storage/NewsPortal/2021/12/23/987589/Kamala-Harris.jpg,Thế giới,laodong.vn,23/12/2021 | 13:00
https://laodong.vn/the-gioi/ti-le-cuc-lon-nguoi-chua-tiem-vaccine-covid-19-nam-phong-cham-soc-dac-biet-o-anh-987563.ldo,Tỉ lệ cực lớn người chưa tiêm vaccine COVID-19 nằm phòng chăm sóc đặc biệt ở Anh,https://media-cdn.laodong.vn/storage/newsportal/2021/12/23/987563/Benh-Nhan-Covid-19.jpg?w=888&h=592&crop=auto&scale=both,Thế giới,laodong.vn,23/12/2021 | 10:16
https://laodong.vn/the-gioi/thu-do-my-cam-nguoi-chua-tiem-chung-vao-cac-khong-gian-cong-cong-987560.ldo,Thủ đô Mỹ cấm người chưa tiêm chủng vào các không gian công cộng,https://media-cdn.laodong.vn/storage/newsportal/2021/12/23/987560/W.jpg?w=888&h=592&crop=auto&scale=both,Thế giới,laodong.vn,23/12/2021 | 10:06
https://laodong.vn/the-gioi/phat-hien-ky-luc-hanh-tinh-lang-thang-trong-vu-tru-987534.ldo,Phát hiện kỷ lục hành tinh lang thang trong vũ trụ,https://media-cdn.laodong.vn/storage/newsportal/2021/12/23/987534/Ngoai-Hanh-Tinh-Lang.JPG?w=888&h=592&crop=auto&scale=both,Thế giới,laodong.vn,23/12/2021 | 10:00
https://laodong.vn/the-gioi/nhung-dieu-quan-trong-da-biet-ve-bien-the-omicron-cho-den-nay-987586.ldo,Những điều quan trọng đã biết về biến thể Omicron cho đến nay,https://media-cdn.laodong.vn/storage/newsportal/2021/12/23/987586/Omicron.jpg?w=888&h=592&crop=auto&scale=both,Thế giới,laodong.vn,23/12/2021 | 12:23
https://laodong.vn/the-gioi/who-viet-nam-len-tieng-ve-bo-kit-test-covid-19-cua-viet-a-987600.ldo,WHO Việt Nam lên tiếng về bộ kit test COVID-19 của Việt Á,https://media-cdn.laodong.vn/storage/newsportal/2021/12/23/987600/Kit-Xet-Nghiem-Viet-.jpeg?w=888&h=592&crop=auto&scale=both,Thế giới,laodong.vn,23/12/2021 | 11:45
https://laodong.vn/the-gioi/ho-den-vu-tru-phun-trao-rong-co-16-mat-trang-987572.ldo,Hố đen vũ trụ phun trào rộng cỡ 16 Mặt trăng,https://media-cdn.laodong.vn/storage/newsportal/2021/12/23/987572/Ho-Den.jpg?w=888&h=592&crop=auto&scale=both,Thế giới,laodong.vn,23/12/2021 | 11:00
https://laodong.vn/the-gioi/bien-the-omicron-lan-ra-106-nuoc-who-canh-bao-dieu-quan-trong-987549.ldo,"Biến thể Omicron lan ra 106 nước, WHO cảnh báo điều quan trọng",https://media-cdn.laodong.vn/storage/newsportal/2021/12/23/987549/Omicron.jpg?w=888&h=592&crop=auto&scale=both,Thế giới,laodong.vn,23/12/2021 | 09:43
https://laodong.vn/the-gioi/my-thieu-hut-kit-test-covid-19-amazon-han-che-luong-mua-987550.ldo,"Mỹ thiếu hụt kit test COVID-19, Amazon hạn chế lượng mua",https://media-cdn.laodong.vn/storage/newsportal/2021/12/23/987550/A.jpg?w=888&h=592&crop=auto&scale=both,Thế giới,laodong.vn,23/12/2021 | 09:42
https://laodong.vn/the-gioi/warren-buffett-du-do-bill-gates-mua-nhan-dinh-hon-370-trieu-usd-987546.ldo,"Warren Buffett ""dụ dỗ"" Bill Gates mua nhẫn đính hôn 370 triệu USD",https://media-cdn.laodong.vn/storage/newsportal/2021/12/23/987546/Bill-Gates-Warren-Bu.jpg?w=888&h=592&crop=auto&scale=both,Thế giới,laodong.vn,23/12/2021 | 09:26
https://laodong.vn/the-gioi/kham-pha-khao-co-moi-soi-roi-bi-an-vuong-quoc-co-dai-trung-quoc-987545.ldo,Khám phá khảo cổ mới soi rọi bí ẩn vương quốc cổ đại Trung Quốc,https://media-cdn.laodong.vn/storage/newsportal/2021/12/23/987545/Khao-Co-Trung-Quoc2.jpg?w=888&h=592&crop=auto&scale=both,Thế giới,laodong.vn,23/12/2021 | 09:24
https://laodong.vn/the-gioi/tay-ban-nha-ap-dung-lai-cac-quy-dinh-deo-khau-trang-987542.ldo,Tây Ban Nha áp dụng lại các quy định đeo khẩu trang,https://media-cdn.laodong.vn/storage/newsportal/2021/12/23/987542/Spain.jpg?w=888&h=592&crop=auto&scale=both,Thế giới,laodong.vn,23/12/2021 | 09:11
https://laodong.vn/the-gioi/cach-hay-giup-cai-thien-tri-nho-cho-nguoi-hay-quen-987526.ldo,Cách hay giúp cải thiện trí nhớ cho người hay quên,https://media-cdn.laodong.vn/storage/newsportal/2021/12/23/987526/Tri-Nho.jpg?w=888&h=592&crop=auto&scale=both,Thế giới,laodong.vn,23/12/2021 | 08:40
https://laodong.vn/the-gioi/trung-quoc-phong-toa-thanh-pho-co-lang-mo-tan-thuy-hoang-987522.ldo,Trung Quốc phong tỏa thành phố có lăng mộ Tần Thủy Hoàng,https://media-cdn.laodong.vn/storage/newsportal/2021/12/23/987522/Tan-Thuy-Hoang.jpeg?w=888&h=592&crop=auto&scale=both,Thế giới,laodong.vn,23/12/2021 | 07:26
https://laodong.vn/the-gioi/nigeria-huy-1-trieu-lieu-vaccine-duoc-tang-da-het-han-su-dung-987520.ldo,Nigeria hủy 1 triệu liều vaccine được tặng đã hết hạn sử dụng,https://media-cdn.laodong.vn/storage/newsportal/2021/12/22/987520/Vaccine.jpg?w=888&h=592&crop=auto&scale=both,Thế giới,laodong.vn,23/12/2021 | 07:06
https://laodong.vn/the-gioi/my-phe-duyet-thuoc-uong-dieu-tri-covid-19-dau-tien-987518.ldo,Mỹ phê duyệt thuốc uống điều trị COVID-19 đầu tiên,https://media-cdn.laodong.vn/storage/newsportal/2021/12/22/987518/Thuoc-Dieu-Tri-Covid.jpeg?w=888&h=592&crop=auto&scale=both,Thế giới,laodong.vn,23/12/2021 | 06:56
https://laodong.vn/the-gioi/trung-quoc-yeu-cau-nguoi-noi-tieng-livestream-tu-thu-toi-tron-thue-987387.ldo,"Trung Quốc yêu cầu người nổi tiếng livestream ""tự thú"" tội trốn thuế",https://media-cdn.laodong.vn/storage/newsportal/2021/12/22/987387/Livestream-Trung-Quo.jpeg?w=888&h=592&crop=auto&scale=both,Thế giới,laodong.vn,22/12/2021 | 18:13
https://laodong.vn/the-gioi/dau-hieu-chung-minh-dinh-dich-omicron-da-qua-o-nam-phi-987342.ldo,Dấu hiệu chứng minh đỉnh dịch Omicron đã qua ở Nam Phi,https://media-cdn.laodong.vn/storage/newsportal/2021/12/22/987342/COVID-19-Nam-Phi.jpg?w=888&h=592&crop=auto&scale=both,Thế giới,laodong.vn,22/12/2021 | 16:48
https://laodong.vn/the-gioi/soc-voi-nui-tien-ti-usd-bi-danh-cap-tu-quy-cuu-tro-covid-19-o-my-987333.ldo,Sốc với núi tiền tỉ USD bị đánh cắp từ quỹ cứu trợ COVID-19 ở Mỹ,https://media-cdn.laodong.vn/storage/newsportal/2021/12/22/987333/Cuu-Tro-COVID19.jpeg?w=888&h=592&crop=auto&scale=both,Thế giới,laodong.vn,22/12/2021 | 16:19
https://laodong.vn/the-gioi/the-gioi-dong-vat-bi-voi-truy-duoi-bao-tron-len-cay-nam-ngoan-nhu-cun-987245.ldo,"Thế giới động vật: Bị voi truy đuổi, báo trốn lên cây nằm ""ngoan như cún''",https://media-cdn.laodong.vn/storage/newsportal/2021/12/22/987245/Voi-10.JPG?w=888&h=592&crop=auto&scale=both,Thế giới,laodong.vn,22/12/2021 | 15:39
https://laodong.vn/the-gioi/tuoi-tho-cua-nguoi-my-giam-manh-do-covid-19-987300.ldo,Tuổi thọ của người Mỹ giảm mạnh do COVID-19,https://media-cdn.laodong.vn/storage/newsportal/2021/12/22/987300/My-Tuoi-Tho-COVID19.jpeg?w=888&h=592&crop=auto&scale=both,Thế giới,laodong.vn,22/12/2021 | 15:27
https://laodong.vn/xa-hoi/mo-lai-duong-bay-quoc-te-moi-chot-duoc-4-chuyen-bay-den-nhat-ban-987593.ldo,"Mở lại đường bay quốc tế: Mới ""chốt"" được 4 chuyến bay đến Nhật Bản",https://media-cdn.laodong.vn/Storage/NewsPortal/2021/12/23/987593/Bay-Quoc-Te.jpg,Xã hội,laodong.vn,23/12/2021 | 11:19
https://laodong.vn/xa-hoi/binh-thuan-hon-100-cong-nhan-tai-mot-phan-xuong-mac-covid-19-987531.ldo,Bình Thuận: Hơn 100 công nhân tại một phân xưởng mắc COVID-19,"data:image/gif;base64,R0lGODlhAwACAIAAAAAAAP///yH5BAEAAAAALAAAAAADAAIAAAIChF8AOw==",Xã hội,laodong.vn,23/12/2021 | 08:57
https://laodong.vn/xa-hoi/van-chua-the-cong-bo-nguyen-nhan-sap-cau-cai-doi-vam-o-ca-mau-987605.ldo,Vẫn chưa thể công bố nguyên nhân sập cầu Cái Đôi Vàm ở Cà Mau,https://media-cdn.laodong.vn/storage/newsportal/2021/12/23/987605/Cai-Doi.jpg?w=888&h=592&crop=auto&scale=both,Xã hội,laodong.vn,23/12/2021 | 11:51
https://laodong.vn/xa-hoi/nghe-an-thu-ngan-sach-hon-18-nghin-ti-thanh-lap-moi-1872-dn-987598.ldo,"Nghệ An: Thu ngân sách hơn 18 nghìn tỉ, thành lập mới 1.872 DN",https://media-cdn.laodong.vn/storage/newsportal/2021/12/23/987598/Tp-Vinh.jpg?w=888&h=592&crop=auto&scale=both,Xã hội,laodong.vn,23/12/2021 | 11:32
https://laodong.vn/xa-hoi/cap-the-bhyt-nam-2022-cho-nguoi-thuoc-dien-chinh-sach-chuan-ngheo-tiep-can-da-chieu-987427.ldo,Cấp thẻ BHYT năm 2022 cho người thuộc diện chính sách chuẩn nghèo tiếp cận đa chiều,https://media-cdn.laodong.vn/storage/newsportal/2021/12/22/987427/4-4.jpg?w=888&h=592&crop=auto&scale=both,Xã hội,laodong.vn,23/12/2021 | 10:40
https://laodong.vn/xa-hoi/hon-127-trieu-lao-dong-nhan-ho-tro-tu-quy-bao-hiem-that-nghiep-987432.ldo,"Hơn 12,7 triệu lao động nhận hỗ trợ từ Quỹ Bảo hiểm thất nghiệp","data:image/gif;base64,R0lGODlhAwACAIAAAAAAAP///yH5BAEAAAAALAAAAAADAAIAAAIChF8AOw==",Xã hội,laodong.vn,23/12/2021 | 10:36
https://laodong.vn/xa-hoi/ca-mau-lo-an-sinh-xa-hoi-cho-nguoi-lao-dong-987419.ldo,Cà Mau lo an sinh xã hội cho người lao động,https://media-cdn.laodong.vn/storage/newsportal/2021/12/22/987419/4-1.jpg?w=888&h=592&crop=auto&scale=both,Xã hội,laodong.vn,23/12/2021 | 10:34
https://laodong.vn/xa-hoi/thuc-hien-hieu-qua-thanh-tra-chuyen-nganh-dong-bhxh-bhyt-987421.ldo,"Thực hiện hiệu quả thanh tra chuyên ngành đóng BHXH, BHYT",https://media-cdn.laodong.vn/storage/newsportal/2021/12/22/987421/4-3.jpg?w=888&h=592&crop=auto&scale=both,Xã hội,laodong.vn,23/12/2021 | 10:34
https://laodong.vn/xa-hoi/day-nhanh-tien-do-ho-tro-nguoi-lao-dong-va-doanh-nghiep-tu-quy-bhtn-987430.ldo,Đẩy nhanh tiến độ hỗ trợ người lao động và doanh nghiệp từ Quỹ BHTN,https://media-cdn.laodong.vn/storage/newsportal/2021/12/22/987430/4-2.jpg?w=888&h=592&crop=auto&scale=both,Xã hội,laodong.vn,23/12/2021 | 10:31
https://laodong.vn/xa-hoi/thai-nguyen-trien-khai-tiem-160290-lieu-vaccine-cho-nguoi-dan-987559.ldo,Thái Nguyên triển khai tiêm 160.290 liều vaccine cho người dân,https://media-cdn.laodong.vn/storage/newsportal/2021/12/23/987559/Tiem-Chung.jpg?w=888&h=592&crop=auto&scale=both,Xã hội,laodong.vn,23/12/2021 | 09:51
https://laodong.vn/phap-luat/tinh-tiet-bat-ngo-tai-phien-xet-xu-vu-tong-tien-lanh-dao-o-thi-xa-nghi-son-987634.ldo,Tình tiết bất ngờ tại phiên xét xử vụ tống tiền lãnh đạo ở thị xã Nghi Sơn,https://media-cdn.laodong.vn/Storage/NewsPortal/2021/12/23/987634/Tong-Tien.jpeg,Pháp luật,laodong.vn,23/12/2021 | 14:25
https://laodong.vn/tu-van-phap-luat/sinh-nam-1970-se-nghi-huu-vao-nam-nao-987002.ldo,Sinh năm 1970 sẽ nghỉ hưu vào năm nào?,https://media-cdn.laodong.vn/Storage/NewsPortal/2021/12/21/987002/Anh-Chup-Man-Hinh-20.png,Pháp luật,laodong.vn,21/12/2021 | 17:00
https://laodong.vn/phap-luat/kien-giang-dieu-tra-vu-an-mang-vo-treo-co-chong-bi-dam-nhieu-nhat-o-bung-986999.ldo,"Kiên Giang: Điều tra vụ án mạng vợ treo cổ, chồng bị đâm nhiều nhát ở bụng","data:image/gif;base64,R0lGODlhAwACAIAAAAAAAP///yH5BAEAAAAALAAAAAADAAIAAAIChF8AOw==",Pháp luật,laodong.vn,21/12/2021 | 16:45
https://laodong.vn/phap-luat/dot-nhap-khu-cach-ly-trom-laptop-dien-thoai-lay-tien-choi-game-mua-ma-tuy-987255.ldo,"Đột nhập khu cách ly trộm laptop, điện thoại lấy tiền chơi game, mua ma tuý",https://media-cdn.laodong.vn/Storage/NewsPortal/2021/12/22/987255/Angiangvaokhucachlyc.jpg,Pháp luật,laodong.vn,22/12/2021 | 13:00
https://laodong.vn/phap-luat/bat-nu-sinh-trom-130-trieu-tien-viet-va-2-trieu-won-tien-han-quoc-987070.ldo,Bắt nữ sinh trộm 130 triệu tiền Việt và 2 triệu Won tiền Hàn Quốc,https://media-cdn.laodong.vn/Storage/NewsPortal/2021/12/21/987070/Can-Tho-1.jpg,Pháp luật,laodong.vn,21/12/2021 | 19:20
https://laodong.vn/phap-luat/bat-tam-giam-co-gai-9x-quay-phim-chup-anh-khieu-dam-tren-cau-truong-tien-987224.ldo,"Bắt tạm giam cô gái 9X quay phim, chụp ảnh khiêu dâm trên cầu Trường Tiền",https://media-cdn.laodong.vn/storage/newsportal/2021/12/22/987224/Khoi-To-2.jpg?w=888&h=592&crop=auto&scale=both,Pháp luật,laodong.vn,22/12/2021 | 11:26
https://laodong.vn/phap-luat/bat-tam-giam-can-bo-dia-chinh-o-quang-ngai-lam-that-thoat-tai-san-nha-nuoc-987221.ldo,Bắt tạm giam cán bộ địa chính ở Quảng Ngãi làm thất thoát tài sản Nhà nước,https://media-cdn.laodong.vn/storage/newsportal/2021/12/22/987221/Can-Bo-Dia-Chinh-Bi-.jpg?w=888&h=592&crop=auto&scale=both,Pháp luật,laodong.vn,22/12/2021 | 12:15
https://laodong.vn/phap-luat/cuu-hieu-truong-dai-dong-do-cap-bang-gia-vi-so-bi-duoi-viec-987640.ldo,"Cựu Hiệu trưởng Đại Đông Đô: Cấp bằng giả vì ""sợ bị đuổi việc""",https://media-cdn.laodong.vn/storage/newsportal/2021/12/23/987640/269184802_3397253442.jpg?w=888&h=592&crop=auto&scale=both,Pháp luật,laodong.vn,23/12/2021 | 14:34
https://laodong.vn/phap-luat/thanh-tra-cong-an-vao-cuoc-vu-xin-ma-dinh-danh-tiem-vaccine-thu-5000-dong-987631.ldo,Thanh tra công an vào cuộc vụ xin mã định danh tiêm vaccine thu 5.000 đồng,https://media-cdn.laodong.vn/storage/newsportal/2021/12/23/987631/A8a591367d11b74fee00.jpg?w=888&h=592&crop=auto&scale=both,Pháp luật,laodong.vn,23/12/2021 | 14:33
https://laodong.vn/phap-luat/bat-nhan-vien-sieu-thi-o-da-nang-lam-gia-con-dau-de-chiem-doat-tai-san-987614.ldo,Bắt nhân viên siêu thị ở Đà Nẵng làm giả con dấu để chiếm đoạt tài sản,https://media-cdn.laodong.vn/storage/newsportal/2021/12/23/987614/Bat-Nhan-Vien-Sieu-T.jpg?w=888&h=592&crop=auto&scale=both,Pháp luật,laodong.vn,23/12/2021 | 12:18
https://laodong.vn/phap-luat/tra-ho-so-vu-nguyen-lanh-dao-can-bo-cong-ty-lam-nghiep-de-rung-bi-tan-pha-987585.ldo,"Trả hồ sơ vụ nguyên lãnh đạo, cán bộ công ty lâm nghiệp để rừng bị tàn phá",https://media-cdn.laodong.vn/storage/newsportal/2021/12/23/987585/MT-738240-02-1.jpg?w=888&h=592&crop=auto&scale=both,Pháp luật,laodong.vn,23/12/2021 | 11:38
https://laodong.vn/tu-van-phap-luat/khi-nao-nguoi-lao-dong-duoc-quyen-dinh-cong-986831.ldo,Khi nào người lao động được quyền đình công?,"data:image/gif;base64,R0lGODlhAwACAIAAAAAAAP///yH5BAEAAAAALAAAAAADAAIAAAIChF8AOw==",Pháp luật,laodong.vn,23/12/2021 | 14:00
https://laodong.vn/tu-van-phap-luat/co-the-su-dung-2-so-chung-minh-nhan-dan-cung-luc-khong-987558.ldo,Có thể sử dụng 2 số chứng minh nhân dân cùng lúc không?,"data:image/gif;base64,R0lGODlhAwACAIAAAAAAAP///yH5BAEAAAAALAAAAAADAAIAAAIChF8AOw==",Pháp luật,laodong.vn,23/12/2021 | 12:00
https://laodong.vn/phap-luat/dak-nong-bat-nguyen-chu-tich-thi-tran-lam-quyen-trong-thi-hanh-cong-vu-987592.ldo,Đắk Nông bắt nguyên Chủ tịch thị trấn lạm quyền trong thi hành công vụ,https://media-cdn.laodong.vn/Storage/NewsPortal/2021/12/23/987592/Dt-Xuyen-1-01.jpg,Pháp luật,laodong.vn,23/12/2021 | 11:57
https://laodong.vn/phap-luat/hai-duong-phat-hien-co-so-chuyen-san-xuat-de-giay-dep-gia-mao-hang-hieu-987566.ldo,"Hải Dương: Phát hiện cơ sở chuyên sản xuất đế giày, dép giả mạo ""hàng hiệu""",https://media-cdn.laodong.vn/storage/newsportal/2021/12/23/987566/Z3041003545955_89C67.jpg?w=888&h=592&crop=auto&scale=both,Pháp luật,laodong.vn,23/12/2021 | 11:02
https://laodong.vn/phap-luat/hinh-anh-dan-cuu-lanh-dao-dai-hoc-dong-do-bi-ap-giai-vao-toa-sang-nay-987544.ldo,Hình ảnh dàn cựu lãnh đạo Đại học Đông Đô bị áp giải vào toà sáng nay,https://media-cdn.laodong.vn/storage/newsportal/2021/12/23/987544/264774030_2901391931.jpg?w=888&h=592&crop=auto&scale=both,Pháp luật,laodong.vn,23/12/2021 | 10:20
https://laodong.vn/phap-luat/bat-giu-6-doi-tuong-mo-tiec-ma-tuy-tai-nha-o-ha-giang-987565.ldo,Bắt giữ 6 đối tượng mở tiệc ma tuý tại nhà ở Hà Giang,"data:image/gif;base64,R0lGODlhAwACAIAAAAAAAP///yH5BAEAAAAALAAAAAADAAIAAAIChF8AOw==",Pháp luật,laodong.vn,23/12/2021 | 10:19
https://laodong.vn/phap-luat/buon-phao-lau-3-nguoi-cung-lang-o-ha-tinh-bi-khoi-to-987540.ldo,"Buôn pháo lậu, 3 người cùng làng ở Hà Tĩnh bị khởi tố",https://media-cdn.laodong.vn/storage/newsportal/2021/12/23/987540/Phao.jpg?w=888&h=592&crop=auto&scale=both,Pháp luật,laodong.vn,23/12/2021 | 09:23
https://laodong.vn/tu-van-phap-luat/truong-hop-nao-duoc-mien-trach-nhiem-hinh-su-986817.ldo,Trường hợp nào được miễn trách nhiệm hình sự?,"data:image/gif;base64,R0lGODlhAwACAIAAAAAAAP///yH5BAEAAAAALAAAAAADAAIAAAIChF8AOw==",Pháp luật,laodong.vn,23/12/2021 | 08:00
https://laodong.vn/phap-luat/cap-429-bang-gia-nhieu-cuu-lanh-dao-dai-hoc-dong-do-hom-nay-hau-toa-987498.ldo,"Cấp 429 bằng giả, nhiều cựu lãnh đạo Đại học Đông Đô hôm nay hầu tòa",https://media-cdn.laodong.vn/storage/newsportal/2021/12/22/987498/Dai-Hoc-Dong-Do-Toa.jpeg?w=888&h=592&crop=auto&scale=both,Pháp luật,laodong.vn,23/12/2021 | 07:50
https://laodong.vn/phap-luat/khoi-to-thanh-nien-9x-tang-tru-luong-lon-phao-no-tai-tuyen-quang-987455.ldo,Khởi tố thanh niên 9X tàng trữ lượng lớn pháo nổ tại Tuyên Quang,https://media-cdn.laodong.vn/storage/newsportal/2021/12/22/987455/Khoi-To.jpg?w=888&h=592&crop=auto&scale=both,Pháp luật,laodong.vn,22/12/2021 | 20:48
https://laodong.vn/phap-luat/dat-mua-quan-phuc-tren-mang-ve-mac-no-minh-la-quan-nhan-987444.ldo,"Đặt mua quân phục trên mạng về mặc, ""nổ"" mình là quân nhân",https://media-cdn.laodong.vn/storage/newsportal/2021/12/22/987444/IMG_20211222_185955.jpg?w=888&h=592&crop=auto&scale=both,Pháp luật,laodong.vn,22/12/2021 | 19:36
https://laodong.vn/phap-luat/khoi-to-vu-an-tai-phong-canh-sat-giao-thong-duong-bo-cong-an-tinh-an-giang-987440.ldo,Khởi tố vụ án tại Phòng Cảnh sát Giao thông đường bộ Công an tỉnh An Giang,https://media-cdn.laodong.vn/Storage/NewsPortal/2021/12/22/987440/Angiangkhoitovuantai.jpg,Pháp luật,laodong.vn,22/12/2021 | 19:28
https://laodong.vn/phap-luat/gay-tai-nan-chet-nguoi-o-hung-yen-bo-chay-sang-thai-binh-thi-bi-bat-987415.ldo,"Gây tai nạn chết người ở Hưng Yên, bỏ chạy sang Thái Bình thì bị bắt",https://media-cdn.laodong.vn/storage/newsportal/2021/12/22/987415/558B1722c5c80777fd20.jpg?w=888&h=592&crop=auto&scale=both,Pháp luật,laodong.vn,22/12/2021 | 18:51
https://laodong.vn/phap-luat/ha-nam-tam-giu-hinh-su-18-doi-tuong-to-chuc-su-dung-ma-tuy-o-quan-karaoke-987400.ldo,Hà Nam: Tạm giữ hình sự 18 đối tượng tổ chức sử dụng ma túy ở quán karaoke,https://media-cdn.laodong.vn/storage/newsportal/2021/12/22/987400/Screenshot_20211222-.jpg?w=888&h=592&crop=auto&scale=both,Pháp luật,laodong.vn,22/12/2021 | 18:44
https://laodong.vn/phap-luat/bat-tam-giam-doi-tuong-nghien-tang-tru-ma-tuy-987405.ldo,Bắt tạm giam đối tượng nghiện tàng trữ ma túy,https://media-cdn.laodong.vn/storage/newsportal/2021/12/22/987405/MA-TUY.jpg?w=888&h=592&crop=auto&scale=both,Pháp luật,laodong.vn,22/12/2021 | 18:26
https://laodong.vn/phap-luat/bi-bat-vi-mua-hon-65-kg-phao-no-ve-de-danh-choi-tet-987390.ldo,"Bị bắt vì mua hơn 6,5 kg pháo nổ về để dành chơi Tết",https://media-cdn.laodong.vn/storage/newsportal/2021/12/22/987390/8888888.jpeg?w=888&h=592&crop=auto&scale=both,Pháp luật,laodong.vn,22/12/2021 | 18:09
https://laodong.vn/phap-luat/ha-nam-lien-tiep-bat-giu-cac-doi-tuong-trom-cap-tai-san-987381.ldo,Hà Nam: Liên tiếp bắt giữ các đối tượng trộm cắp tài sản,https://media-cdn.laodong.vn/storage/newsportal/2021/12/22/987381/Screenshot_20211222-.jpg?w=888&h=592&crop=auto&scale=both,Pháp luật,laodong.vn,22/12/2021 | 18:08
https://laodong.vn/bong-da/tuyen-viet-nam-se-dung-doi-hinh-nao-dau-tuyen-thai-lan-987562.ldo,Tuyển Việt Nam sẽ dùng đội hình nào đấu tuyển Thái Lan?,https://media-cdn.laodong.vn/storage/newsportal/2021/12/23/987562/Tuan-Anh-Thai-Lan.jpg?w=888&h=592&crop=auto&scale=both,Thể thao,laodong.vn,23/12/2021 | 11:57
https://laodong.vn/cong-doan/luong-toi-thieu-vung-da-2-nam-loi-hen-987595.ldo,"Lương tối thiểu vùng đã 2 năm ""lỗi hẹn""","data:image/gif;base64,R0lGODlhAwACAIAAAAAAAP///yH5BAEAAAAALAAAAAADAAIAAAIChF8AOw==",Thời sự,laodong.vn,23/12/2021 | 11:55
https://laodong.vn/bong-da/4-nhiem-vu-quan-trong-cua-tuyen-thai-lan-987601.ldo,4 nhiệm vụ quan trọng của tuyển Thái Lan,https://media-cdn.laodong.vn/storage/newsportal/2021/12/23/987601/Thailan1.jpeg?w=888&h=592&crop=auto&scale=both,Thể thao,laodong.vn,23/12/2021 | 12:37
https://laodong.vn/van-hoa-giai-tri/cu-phan-don-chi-mang-tu-nguoi-cu-khien-sao-hoa-ngu-sup-do-987612.ldo,“Cú phản đòn” chí mạng từ người cũ khiến sao Hoa ngữ sụp đổ,https://media-cdn.laodong.vn/storage/newsportal/2021/12/23/987612/Trinhsang.jpg?w=888&h=592&crop=auto&scale=both,Giải trí,laodong.vn,23/12/2021 | 12:04
https://laodong.vn/giai-tri/3-bo-phim-hoat-hinh-hot-dang-xem-mua-le-giang-sinh-987552.ldo,3 bộ phim hoạt hình “hot” đáng xem mùa lễ Giáng sinh,https://media-cdn.laodong.vn/storage/newsportal/2021/12/23/987552/Anh-Bia-Tin-Giai-Tri.jpeg?w=888&h=592&crop=auto&scale=both,Giải trí,laodong.vn,23/12/2021 | 10:30
https://laodong.vn/tien-te-dau-tu/gia-vang-hom-nay-2312-dot-ngot-dao-chieu-dien-bien-kho-luong-987556.ldo,"Giá vàng hôm nay 23.12: Đột ngột đảo chiều, diễn biến khó lường",https://media-cdn.laodong.vn/Storage/NewsPortal/2021/12/23/987556/Gia-Vang-Hom-Nay-16.jpg,Kinh doanh,laodong.vn,23/12/2021 | 10:13
https://laodong.vn/bong-da/bao-thai-lan-tran-tuyen-thai-lan-tuyen-viet-nam-khang-dinh-ai-la-so-1-987551.ldo,"Báo Thái Lan: ""Trận tuyển Thái Lan - tuyển Việt Nam khẳng định ai là số 1""",https://media-cdn.laodong.vn/storage/newsportal/2021/12/23/987551/News202112221145332.jpg?w=888&h=592&crop=auto&scale=both,Thể thao,laodong.vn,23/12/2021 | 10:00
https://laodong.vn/ldld-bac-giang/bac-giang-trao-kinh-phi-ho-tro-sua-nha-mai-am-cong-doan-cho-doan-vien-987606.ldo,Bắc Giang: Trao kinh phí hỗ trợ sửa nhà mái ấm Thời sự cho đoàn viên,https://media-cdn.laodong.vn/storage/newsportal/2021/12/23/987606/Bac-Giang.jpg?w=629&h=419&crop=auto&scale=both,Thời sự,laodong.vn,23/12/2021 | 11:54
https://laodong.vn/cong-doan/ldld-tphai-phong-trao-so-tiet-kiem-tang-con-doan-vien-tu-vong-do-covid-19-987571.ldo,LĐLĐ TP.Hải Phòng: Trao sổ tiết kiệm tặng con đoàn viên tử vong do COVID-19,https://media-cdn.laodong.vn/storage/newsportal/2021/12/23/987571/D56ea6598e72442c1d63.jpg?w=888&h=592&crop=auto&scale=both,Thời sự,laodong.vn,23/12/2021 | 11:13
https://laodong.vn/ldld-an-giang/hoi-thi-tuyen-truyen-vien-cong-doan-gioi-tinh-an-giang-nam-2021-987578.ldo,Hội thi Tuyên truyền viên Thời sự giỏi tỉnh An Giang năm 2021,https://media-cdn.laodong.vn/Storage/NewsPortal/2021/12/23/987578/Hoithituyentruyenvie-01.JPG,Thời sự,laodong.vn,23/12/2021 | 11:01
https://laodong.vn/cong-doan/nang-cao-vai-tro-cong-doan-trong-viec-bao-ve-quyen-loi-nguoi-lao-dong-987529.ldo,Nâng cao vai trò Thời sự trong việc bảo vệ quyền lợi người lao động,https://media-cdn.laodong.vn/storage/newsportal/2021/12/23/987529/11.jpg?w=888&h=592&crop=auto&scale=both,Thời sự,laodong.vn,23/12/2021 | 09:33
https://laodong.vn/ldld-quang-ngai/quang-ngai-22-doan-vien-doat-giai-cuoc-thi-tim-hieu-bao-ve-moi-truong-987373.ldo,Quảng Ngãi: 22 đoàn viên đoạt giải cuộc thi tìm hiểu bảo vệ môi trường,https://media-cdn.laodong.vn/storage/newsportal/2021/12/22/987373/Quang-Ngai-4.jpg?w=629&h=419&crop=auto&scale=both,Thời sự,laodong.vn,23/12/2021 | 09:23
https://laodong.vn/thi-truong/nong-dan-nuoi-de-o-ba-ria-vung-tau-lo-nang-do-gia-giam-sau-987621.ldo,Nông dân nuôi dê ở  Bà Rịa - Vũng Tàu lỗ nặng do giá giảm sâu,https://media-cdn.laodong.vn/storage/newsportal/2021/12/23/987621/DSC01385.JPG?w=888&h=592&crop=auto&scale=both,Kinh doanh,laodong.vn,23/12/2021 | 13:27
https://laodong.vn/kinh-te/kinh-te-my-tang-truong-cham-lai-gia-vang-vot-moc-1800-usd-987480.ldo,"Kinh tế Mỹ tăng trưởng chậm lại, giá vàng vọt mốc 1.800 USD",https://media-cdn.laodong.vn/Storage/NewsPortal/2021/12/22/987480/Gold-4.gif,Kinh doanh,laodong.vn,23/12/2021 | 14:23
https://laodong.vn/kinh-te/dich-ta-lon-chau-phi-van-deo-bam-dai-dang-o-ha-tinh-987576.ldo,Dịch tả lợn Châu Phi vẫn “đeo bám” dai dẳng ở Hà Tĩnh,https://media-cdn.laodong.vn/storage/newsportal/2021/12/23/987576/Lon.jpg?w=888&h=592&crop=auto&scale=both,Kinh doanh,laodong.vn,23/12/2021 | 11:16
https://laodong.vn/kinh-te/xuat-nhap-khau-vuot-ke-hoach-duoc-giao-xuat-sieu-but-toc-tren-3-ti-usd-987503.ldo,"Xuất nhập khẩu vượt kế hoạch được giao, xuất siêu ""bứt tốc"" trên 3 tỉ USD",https://media-cdn.laodong.vn/storage/newsportal/2021/12/22/987503/Xuat-Nhap-Khau-Logis.jpg?w=888&h=592&crop=auto&scale=both,Kinh doanh,laodong.vn,23/12/2021 | 08:10
https://laodong.vn/kinh-te/ve-noi-khoi-dau-con-duong-ho-chi-minh-lich-su-987323.ldo,Về nơi khởi đầu con đường Hồ Chí Minh lịch sử,https://media-cdn.laodong.vn/Storage/NewsPortal/2021/12/22/987323/Anh-GIAO-DICH-XA.jpg,Kinh doanh,laodong.vn,23/12/2021 | 08:00
https://laodong.vn/kinh-te/chuyen-gia-hien-ke-thu-hut-von-dau-tu-cua-australia-vao-viet-nam-987464.ldo,Chuyên gia hiến kế thu hút vốn đầu tư của Australia vào Việt Nam,https://media-cdn.laodong.vn/storage/newsportal/2021/12/22/987464/Dau-Tu-Nong-Nghiep.jpg?w=888&h=592&crop=auto&scale=both,Kinh doanh,laodong.vn,22/12/2021 | 20:44
https://laodong.vn/bat-dong-san/nhu-cau-nha-gan-tet-tang-cach-nao-de-mua-duoc-gia-hoi-987539.ldo,"Nhu cầu nhà gần Tết tăng, cách nào để mua được giá hời?",https://media-cdn.laodong.vn/storage/newsportal/2021/12/23/987539/Mua-Nha.jpg?w=888&h=592&crop=auto&scale=both,Kinh doanh,laodong.vn,23/12/2021 | 11:00
https://laodong.vn/bat-dong-san/biet-thu-lien-ke-ha-noi-cuoi-nam-khan-hiem-nguon-cung-phia-tay-dan-dat-thi-truong-987574.ldo,"Biệt thự, liền kề Hà Nội cuối năm: Khan hiếm nguồn cung, phía Tây dẫn dắt Kinh doanh",https://media-cdn.laodong.vn/storage/newsportal/2021/12/23/987574/Nam-Cuong-1.jpg?w=888&h=592&crop=auto&scale=both,Kinh doanh,laodong.vn,23/12/2021 | 11:30
https://laodong.vn/bat-dong-san/bi-quyet-trang-tri-phong-ngu-mua-giang-sinh-am-ap-tho-mong-987479.ldo,"Bí quyết trang trí phòng ngủ mùa Giáng sinh ấm áp, thơ mộng",https://media-cdn.laodong.vn/Storage/NewsPortal/2021/12/22/987479/Ldo-Phong-Ngu-Giang--06.jpg,Kinh doanh,laodong.vn,23/12/2021 | 08:22
https://laodong.vn/bat-dong-san/du-an-san-bay-quang-tri-cong-bo-quy-hoach-som-dap-tat-sot-dat-ao-987374.ldo,"Dự án sân bay Quảng Trị: Công bố quy hoạch sớm, dập tắt sốt đất ảo",https://media-cdn.laodong.vn/storage/newsportal/2021/12/22/987374/San-Bay-Quang-Tri.jpg?w=888&h=592&crop=auto&scale=both,Kinh doanh,laodong.vn,22/12/2021 | 17:39
https://laodong.vn/bat-dong-san/gia-chung-cu-cao-cap-bat-ngo-giam-nhiet-chao-moi-nguoi-mua-987195.ldo,"Giá chung cư cao cấp bất ngờ ""giảm nhiệt"", chào mời người mua",https://media-cdn.laodong.vn/Storage/NewsPortal/2021/12/22/987195/269311731_8695425637.jpg,Kinh doanh,laodong.vn,22/12/2021 | 17:00
https://laodong.vn/bat-dong-san/cac-muc-phat-hanh-chinh-khi-xay-dung-nha-o-chua-co-giay-phep-986883.ldo,Các mức phạt hành chính khi xây dựng nhà ở chưa có giấy phép,https://media-cdn.laodong.vn/Storage/NewsPortal/2021/12/21/986883/Xay-Nha-O-01.jpg,Kinh doanh,laodong.vn,22/12/2021 | 11:00
https://laodong.vn/giai-tri/daniel-craig-va-the-rock-dan-dau-dan-sao-nam-duoc-tra-cat-xe-cao-nhat-2021-987469.ldo,Daniel Craig và The Rock dẫn đầu dàn sao nam được trả cát-xê cao nhất 2021,https://media-cdn.laodong.vn/storage/newsportal/2021/12/22/987469/267555181_3102759643.jpg?w=888&h=592&crop=auto&scale=both,Giải trí,laodong.vn,23/12/2021 | 09:21
https://laodong.vn/giai-tri/hoa-hau-do-thi-ha-mac-covid-19-tai-my-987541.ldo,Hoa hậu Đỗ Thị Hà mắc COVID-19 tại Mỹ,https://media-cdn.laodong.vn/storage/newsportal/2021/12/23/987541/269759922_1307009436-01.jpeg?w=888&h=592&crop=auto&scale=both,Giải trí,laodong.vn,23/12/2021 | 08:54
https://laodong.vn/van-hoa/8-thang-bao-to-cua-hoai-linh-on-ao-tu-thien-va-co-hoi-nao-de-tro-lai-987504.ldo,8 tháng bão tố của Hoài Linh: Ồn ào từ thiện và cơ hội nào để trở lại?,https://media-cdn.laodong.vn/storage/newsportal/2021/12/22/987504/Hoai-Linh-3.jpg?w=888&h=592&crop=auto&scale=both,Giải trí,laodong.vn,23/12/2021 | 07:02
https://laodong.vn/bong-da/doi-tuyen-viet-nam-di-bat-bien-ung-van-bien-987610.ldo,"Đội tuyển Việt Nam: Dĩ bất biến, ứng vạn biến",https://media-cdn.laodong.vn/storage/newsportal/2021/12/23/987610/Tuyen-Viet-Nam.jpg?w=888&h=592&crop=auto&scale=both,Thể thao,laodong.vn,23/12/2021 | 13:12
https://laodong.vn/bong-da-quoc-te/90-ca-mac-covid-19-trong-tuan-premier-league-dang-bao-trum-su-gian-du-987624.ldo,90 ca mắc COVID-19 trong tuần: Premier League đang bao trùm sự giận dữ,https://media-cdn.laodong.vn/storage/newsportal/2021/12/23/987624/Premier-League-Covid.jpg?w=888&h=592&crop=auto&scale=both,Thể thao,laodong.vn,23/12/2021 | 13:33
https://laodong.vn/bong-da/cuu-tuyen-thu-van-sy-hung-tuyen-viet-nam-chua-the-ap-dao-tuyen-thai-lan-987523.ldo,"Cựu tuyển thủ Văn Sỹ Hùng: ""Tuyển Việt Nam chưa thể áp đảo tuyển Thái Lan""",https://media-cdn.laodong.vn/Storage/NewsPortal/2021/12/23/987523/Van-Sy-Hung.jpg,Thể thao,laodong.vn,23/12/2021 | 09:00
https://laodong.vn/bong-da-quoc-te/psg-lai-gay-that-vong-trong-ngay-messi-im-tieng-ramos-nhan-the-do-987532.ldo,"PSG lại gây thất vọng trong ngày Messi im tiếng, Ramos nhận thẻ đỏ",https://media-cdn.laodong.vn/storage/newsportal/2021/12/23/987532/Sergio-Ramos-Psg.jpg?w=888&h=592&crop=auto&scale=both,Thể thao,laodong.vn,23/12/2021 | 08:49
https://laodong.vn/suc-khoe/4-loi-ich-cua-viec-tap-the-duc-vao-ban-dem-986790.ldo,4 lợi ích của việc tập thể dục vào ban đêm,"data:image/gif;base64,R0lGODlhAwACAIAAAAAAAP///yH5BAEAAAAALAAAAAADAAIAAAIChF8AOw==",Sức khỏe,laodong.vn,23/12/2021 | 14:00
https://laodong.vn/dinh-duong-am-thuc/5-ly-do-nen-them-hat-me-vao-che-do-an-uong-mua-dong-987210.ldo,5 lý do nên thêm hạt mè vào chế độ ăn uống mùa đông,https://media-cdn.laodong.vn/storage/newsportal/2021/12/22/987210/Me.jpg?w=888&h=592&crop=auto&scale=both,Sức khỏe,laodong.vn,23/12/2021 | 09:30
https://laodong.vn/suc-khoe/nhung-loai-vitamin-duong-chat-can-bo-sung-hang-ngay-sau-tuoi-50-986426.ldo,"Những loại vitamin, dưỡng chất cần bổ sung hằng ngày sau tuổi 50",https://media-cdn.laodong.vn/storage/newsportal/2021/12/19/986426/Nhung-Loai-Vitamin-N.jpg?w=888&h=592&crop=auto&scale=both,Sức khỏe,laodong.vn,23/12/2021 | 08:00
https://laodong.vn/dinh-duong-am-thuc/6-loi-ich-cua-qua-phat-thu-doi-voi-suc-khoe-986566.ldo,6 lợi ích của quả phật thủ đối với sức khỏe,https://media-cdn.laodong.vn/storage/newsportal/2021/12/20/986566/Qua-Phat-Thu.jpg?w=888&h=592&crop=auto&scale=both,Sức khỏe,laodong.vn,23/12/2021 | 08:00
https://laodong.vn/suc-khoe/nhung-dau-hieu-nhan-biet-thieu-mau-o-tre-em-986517.ldo,Những dấu hiệu nhận biết thiếu máu ở trẻ em,https://media-cdn.laodong.vn/Storage/NewsPortal/2021/12/20/986517/E7f60283eb8121df7890.jpg,Sức khỏe,laodong.vn,23/12/2021 | 06:00
https://laodong.vn/dinh-duong-am-thuc/7-trai-cay-mau-do-giup-tang-cuong-mien-dich-986384.ldo,7 trái cây màu đỏ giúp tăng cường miễn dịch,https://media-cdn.laodong.vn/storage/newsportal/2021/12/19/986384/Tao-Do.jpg?w=888&h=592&crop=auto&scale=both,Sức khỏe,laodong.vn,22/12/2021 | 18:00
https://laodong.vn/thong-tin-doanh-nghiep/khanh-thanh-tong-dai-da-kenh-cham-soc-khach-hang-thuoc-evnhcmc-979710.ldo,Khánh thành Tổng đài đa kênh chăm sóc khách hàng thuộc EVNHCMC,https://media-cdn.laodong.vn/storage/newsportal/2021/12/1/979710/DTV-1-01.jpg?w=888&h=592&crop=auto&scale=both,Kinh doanh,laodong.vn,01/12/2021 | 16:18
https://laodong.vn/thong-tin-doanh-nghiep/mot-trong-10-doanh-nghiep-tieu-bieu-co-nguon-nhan-luc-hanh-phuc-987575.ldo,Một trong 10 Doanh nghiệp tiêu biểu có Nguồn nhân lực Hạnh phúc,https://media-cdn.laodong.vn/Storage/NewsPortal/2021/12/23/987575/FWD--Viet--Nam-1.jpg,Kinh doanh,laodong.vn,23/12/2021 | 11:30
https://laodong.vn/thong-tin-doanh-nghiep/herbalife-viet-nam-nhan-giai-thuong-trach-nhiem-xa-hoi-doanh-nghiep-2021-987220.ldo,Herbalife Việt Nam nhận Giải thưởng Trách nhiệm xã hội Doanh nghiệp 2021,https://media-cdn.laodong.vn/storage/newsportal/2021/12/22/987220/Herbalife-Viet-Nam-V.jpg?w=888&h=592&crop=auto&scale=both,Kinh doanh,laodong.vn,22/12/2021 | 14:42
https://laodong.vn/thong-tin-doanh-nghiep/chinh-thuc-khoi-cong-khu-phuc-hop-mt-eastmark-city-tai-tp-thu-duc-987040.ldo,Chính thức khởi công khu phức hợp MT Eastmark City tại TP. Thủ Đức,https://media-cdn.laodong.vn/Storage/NewsPortal/2021/12/21/987040/Anh-1.jpg,Kinh doanh,laodong.vn,22/12/2021 | 08:00
https://laodong.vn/thong-tin-doanh-nghiep/moi-chao-gia-cung-cap-vat-tu-phu-tung-phuc-vu-san-xuat-nha-may-bao-bi-987037.ldo,Mời chào giá cung cấp vật tư phụ tùng phục vụ sản xuất nhà máy bao bì,https://media-cdn.laodong.vn/storage/newsportal/2021/12/21/987037/1-2.jpg?w=888&h=592&crop=auto&scale=both,Kinh doanh,laodong.vn,21/12/2021 | 19:30
https://laodong.vn/thong-tin-doanh-nghiep/nguyen-nhan-bien-chung-va-giai-phap-giup-ho-tro-dieu-tri-benh-tieu-duong-986953.ldo,"Nguyên nhân, biến chứng và giải pháp giúp hỗ trợ điều trị bệnh tiểu đường",https://media-cdn.laodong.vn/Storage/NewsPortal/2021/12/21/986953/Anh-1.jpg,Kinh doanh,laodong.vn,21/12/2021 | 17:00
https://laodong.vn/bong-da/xem-truc-tiep-tuyen-singapore-vs-indonesia-tai-aff-cup-2020-o-kenh-nao-987159.ldo,Xem trực tiếp tuyển Singapore vs Indonesia tại AFF Cup 2020 ở kênh nào?,https://media-cdn.laodong.vn/storage/newsportal/2021/12/22/987159/Sin-Indo.jpg?w=888&h=592&crop=auto&scale=both,Thể thao,laodong.vn,22/12/2021 | 09:40
https://laodong.vn/bong-da/ti-so-tran-ban-ket-aff-cup-singapore-indonesia-cach-biet-nho-987203.ldo,Tỉ số trận bán kết AFF Cup Singapore - Indonesia: Cách biệt nhỏ?,https://media-cdn.laodong.vn/storage/newsportal/2021/12/22/987203/Singapore-Indonesia.jpg?w=888&h=592&crop=auto&scale=both,Thể thao,laodong.vn,22/12/2021 | 11:18
https://laodong.vn/bong-da/lich-thi-dau-ban-ket-aff-cup-2020-hom-nay-2212-singapore-vs-indonesia-987133.ldo,Thể thao bán kết AFF Cup 2020 hôm nay (22.12): Singapore vs Indonesia,https://media-cdn.laodong.vn/storage/newsportal/2021/12/21/987133/Sin-Indi.jpg?w=888&h=592&crop=auto&scale=both,Thể thao,laodong.vn,22/12/2021 | 07:57
https://laodong.vn/bong-da/lich-su-doi-dau-viet-nam-thai-lan-cho-thay-tro-hlv-park-hang-seo-pha-dop-986939.ldo,Lịch sử đối đầu Việt Nam - Thái Lan: Chờ thầy trò HLV Park Hang-seo phá dớp,https://media-cdn.laodong.vn/Storage/NewsPortal/2021/12/21/986939/Viet-Nam-Thai-Lan-1.jpg,Thể thao,laodong.vn,21/12/2021 | 17:03
https://laodong.vn/bong-da/tuyen-singapore-1-1-tuyen-indonesia-tran-dau-kha-hay-ket-qua-hop-ly-987398.ldo,"Tuyển Singapore 1-1 tuyển Indonesia: Trận đấu khá hay, kết quả hợp lý",https://media-cdn.laodong.vn/storage/newsportal/2021/12/22/987398/Indo_90.jpg?w=888&h=592&crop=auto&scale=both,Thể thao,laodong.vn,22/12/2021 | 18:48
https://laodong.vn/bong-da/thong-ke-thanh-tich-doi-dau-tuyen-indonesia--singapore-987217.ldo,"Thống kê, thành tích đối đầu tuyển Indonesia – Singapore",https://media-cdn.laodong.vn/storage/newsportal/2021/12/22/987217/517352Cb-207E-414F-9.jpeg?w=888&h=592&crop=auto&scale=both,Thể thao,laodong.vn,22/12/2021 | 11:24
https://laodong.vn/bong-da-quoc-te/vi-sao-fifa-quyet-tam-to-chuc-world-cup-2-namlan-986988.ldo,Vì sao FIFA quyết tâm tổ chức World Cup 2 năm/lần?,https://media-cdn.laodong.vn/storage/newsportal/2021/12/21/986988/France-World-Cup-201.jpg?w=888&h=592&crop=auto&scale=both,Thể thao,laodong.vn,21/12/2021 | 17:23
https://laodong.vn/bong-da/xem-truc-tiep-tuyen-viet-nam-vs-thai-lan-ban-ket-aff-cup-2020-o-kenh-nao-987603.ldo,Xem trực tiếp tuyển Việt Nam vs Thái Lan - bán kết AFF Cup 2020 ở kênh nào?,https://media-cdn.laodong.vn/storage/newsportal/2021/12/23/987603/Vietnam-Thailan.jpeg?w=888&h=592&crop=auto&scale=both,Thể thao,laodong.vn,23/12/2021 | 11:58
https://laodong.vn/the-thao/vi-the-doi-thay-voi-nhan-to-nhat-ban-va-han-quoc-987484.ldo,Vị thế đổi thay với nhân tố Nhật Bản và Hàn Quốc?,"data:image/gif;base64,R0lGODlhAwACAIAAAAAAAP///yH5BAEAAAAALAAAAAADAAIAAAIChF8AOw==",Thể thao,laodong.vn,23/12/2021 | 10:56
https://laodong.vn/bong-da-quoc-te/antonio-conte-tai-ngo-chelsea-o-ban-ket-carabao-cup-987548.ldo,Antonio Conte tái ngộ Chelsea ở bán kết Carabao Cup,https://media-cdn.laodong.vn/storage/newsportal/2021/12/23/987548/Chelsea-Conte.jpg?w=888&h=592&crop=auto&scale=both,Thể thao,laodong.vn,23/12/2021 | 10:04
https://laodong.vn/lich-thi-dau/lich-thi-dau-link-xem-giai-bong-chuyen-vo-dich-quoc-gia-2021-ngay-2312-987557.ldo,"Thể thao, link xem giải bóng chuyền vô địch quốc gia 2021 ngày 23.12",https://media-cdn.laodong.vn/Storage/NewsPortal/2021/12/23/987557/HCDG.jpg,Thể thao,laodong.vn,23/12/2021 | 09:54
https://laodong.vn/bong-da-quoc-te/barcelona-se-phai-ban-mau-sau-khi-mua-ferran-torres-987510.ldo,Barcelona sẽ phải “bán máu” sau khi mua Ferran Torres,https://media-cdn.laodong.vn/storage/newsportal/2021/12/22/987510/Ferran-Torres.jpeg?w=888&h=592&crop=auto&scale=both,Thể thao,laodong.vn,23/12/2021 | 08:01
https://laodong.vn/bong-da/ti-so-tran-tuyen-viet-nam-thai-lan-kho-co-nhieu-ban-thang-987512.ldo,Tỉ số trận tuyển Việt Nam - Thái Lan: Khó có nhiều bàn thắng,https://media-cdn.laodong.vn/storage/newsportal/2021/12/22/987512/Thai-Lan-Vs-Viet-Nam.jpg?w=888&h=592&crop=auto&scale=both,Thể thao,laodong.vn,23/12/2021 | 07:23
https://laodong.vn/bong-da/lich-thi-dau-ban-ket-aff-cup-2020-hom-nay-2312-viet-nam-vs-thai-lan-987516.ldo,Thể thao bán kết AFF Cup 2020 hôm nay (23.12): Việt Nam vs Thái Lan,https://media-cdn.laodong.vn/storage/newsportal/2021/12/22/987516/Viet-Nam-Thai.jpg?w=888&h=592&crop=auto&scale=both,Thể thao,laodong.vn,23/12/2021 | 07:21
https://laodong.vn/bong-da/cau-thu-tung-danh-nguoi-dinh-trong-muon-sut-tung-luoi-tuyen-viet-nam-987496.ldo,Cầu thủ từng đánh nguội Đình Trọng muốn sút tung lưới tuyển Việt Nam,https://media-cdn.laodong.vn/storage/newsportal/2021/12/22/987496/TTU-4923.jpg?w=888&h=592&crop=auto&scale=both,Thể thao,laodong.vn,23/12/2021 | 06:43
https://laodong.vn/bong-da-quoc-te/noi-lo-sau-khi-premier-league-tiep-tuc-dien-ra-987433.ldo,Nỗi lo sau khi Premier League tiếp tục diễn ra,https://media-cdn.laodong.vn/storage/newsportal/2021/12/22/987433/Premier-League.jpg?w=888&h=592&crop=auto&scale=both,Thể thao,laodong.vn,23/12/2021 | 06:39
https://laodong.vn/bong-da/hlv-shin-tae-yong-that-vong-vi-tuyen-indonesia-khong-thang-singapore-987493.ldo,HLV Shin Tae-yong thất vọng vì tuyển Indonesia không thắng Singapore,https://media-cdn.laodong.vn/storage/newsportal/2021/12/22/987493/037898800_1640183173.jpg?w=888&h=592&crop=auto&scale=both,Thể thao,laodong.vn,22/12/2021 | 22:55
https://laodong.vn/bong-da/tuyen-viet-nam-duoc-treo-thuong-lon-truoc-tran-gap-thai-lan-tai-aff-cup-987481.ldo,Tuyển Việt Nam được treo thưởng lớn trước trận gặp Thái Lan tại AFF Cup,https://media-cdn.laodong.vn/storage/newsportal/2021/12/22/987481/VFF_3925.jpg?w=888&h=592&crop=auto&scale=both,Thể thao,laodong.vn,22/12/2021 | 22:03
https://laodong.vn/the-thao/cau-thu-tung-pham-loi-tho-bao-voi-tuan-anh-lai-da-xau-o-aff-cup-2020-987472.ldo,Cầu thủ từng phạm lỗi thô bạo với Tuấn Anh lại đá xấu ở AFF Cup 2020,https://media-cdn.laodong.vn/storage/newsportal/2021/12/22/987472/Tuan-Anh-1.jpg?w=888&h=592&crop=auto&scale=both,Thể thao,laodong.vn,22/12/2021 | 21:23
https://laodong.vn/bong-da/u21-hoang-anh-gia-lai-thang-tran-quan-trong-o-giai-u21-quoc-gia-2021-987436.ldo,U21 Hoàng Anh Gia Lai thắng trận quan trọng ở giải U21 quốc gia 2021,https://media-cdn.laodong.vn/storage/newsportal/2021/12/22/987436/268936658_4498743368-01.jpg?w=888&h=592&crop=auto&scale=both,Thể thao,laodong.vn,22/12/2021 | 20:06
https://laodong.vn/bong-da/3-yeu-to-giup-tuyen-viet-nam-co-the-thang-thai-lan-987406.ldo,3 yếu tố giúp tuyển Việt Nam có thể thắng Thái Lan,https://media-cdn.laodong.vn/storage/newsportal/2021/12/22/987406/Afc.jpg?w=888&h=592&crop=auto&scale=both,Thể thao,laodong.vn,22/12/2021 | 18:37
https://laodong.vn/suc-khoe/thoi-quen-an-uong-tot-nhat-cho-suc-khoe-duong-ruot-cua-ban-986451.ldo,Thói quen ăn uống tốt nhất cho sức khỏe đường ruột của bạn,https://media-cdn.laodong.vn/Storage/NewsPortal/2021/12/19/986451/Thoi-Quen-An-Uong-To.jpg,Sức khỏe,laodong.vn,22/12/2021 | 16:00
https://laodong.vn/dinh-duong-am-thuc/5-loai-rau-qua-giup-tang-cuong-trao-doi-chat-va-giam-can-986084.ldo,5 loại rau quả giúp tăng cường trao đổi chất và giảm cân,"data:image/gif;base64,R0lGODlhAwACAIAAAAAAAP///yH5BAEAAAAALAAAAAADAAIAAAIChF8AOw==",Sức khỏe,laodong.vn,22/12/2021 | 06:00
https://laodong.vn/lam-dep/quy-trinh-massage-mat-don-gian-hieu-qua-danh-cho-phai-dep-986967.ldo,"Quy trình massage mắt đơn giản, hiệu quả dành cho phái đẹp",https://media-cdn.laodong.vn/storage/newsportal/2021/12/21/986967/Massage-Mat-Dung-Cac.jpg?w=888&h=592&crop=auto&scale=both,Sức khỏe,laodong.vn,21/12/2021 | 19:00
https://laodong.vn/suc-khoe/6-cach-giam-can-don-gian-hieu-qua-khong-can-an-kieng-987189.ldo,"6 cách giảm cân đơn giản, hiệu quả không cần ăn kiêng",https://media-cdn.laodong.vn/storage/newsportal/2021/12/22/987189/F5286750a29200e459b9.jpg?w=888&h=592&crop=auto&scale=both,Sức khỏe,laodong.vn,22/12/2021 | 11:00
https://laodong.vn/suc-khoe/nhung-dieu-nen-lam-neu-lo-an-qua-nhieu-986793.ldo,Những điều nên làm nếu lỡ ăn quá nhiều,https://media-cdn.laodong.vn/storage/newsportal/2021/12/20/986793/IMG_3084.JPG?w=888&h=592&crop=auto&scale=both,Sức khỏe,laodong.vn,23/12/2021 | 12:00
https://laodong.vn/suc-khoe/4-tac-dung-phu-pho-bien-sau-phau-thuat-giam-can-986303.ldo,4 tác dụng phụ phổ biến sau phẫu thuật giảm cân,https://media-cdn.laodong.vn/storage/newsportal/2021/12/19/986303/73FE1EFF-5D2C-4CA0-A.jpeg?w=888&h=592&crop=auto&scale=both,Sức khỏe,laodong.vn,23/12/2021 | 10:00
https://laodong.vn/suc-khoe/5-dieu-gay-hai-suc-khoe-chung-ta-van-lam-hang-ngay-nhung-khong-nhan-ra-987248.ldo,5 điều gây hại sức khỏe chúng ta vẫn làm hàng ngày nhưng không nhận ra,https://media-cdn.laodong.vn/storage/newsportal/2021/12/22/987248/1B336d5d0f8929515c4a.jpeg?w=888&h=592&crop=auto&scale=both,Sức khỏe,laodong.vn,22/12/2021 | 19:00
https://laodong.vn/suc-khoe/che-do-an-mot-bua-trong-ngay-de-giam-can-co-hieu-qua-hay-co-hai-987259.ldo,"Chế độ ăn một bữa trong ngày để giảm cân, có hiệu quả hay có hại?",https://media-cdn.laodong.vn/storage/newsportal/2021/12/22/987259/Suc-Khoe.jpg?w=888&h=592&crop=auto&scale=both,Sức khỏe,laodong.vn,22/12/2021 | 15:00
https://laodong.vn/suc-khoe/thuoc-la-khong-khoi-co-the-tac-dong-den-chien-luoc-kiem-soat-thuoc-la-987228.ldo,Thuốc lá không khói có thể tác động đến chiến lược kiểm soát thuốc lá,https://media-cdn.laodong.vn/Storage/NewsPortal/2021/12/22/987228/Thuoc-La-1.jpg,Sức khỏe,laodong.vn,22/12/2021 | 14:17
https://laodong.vn/suc-khoe/nhung-loi-ich-suc-khoe-cua-viec-hit-tho-sau-986145.ldo,Những lợi ích sức khỏe của việc hít thở sâu,https://media-cdn.laodong.vn/Storage/NewsPortal/2021/12/18/986145/Loi-Ich-Tu-Viec-Hit-.jpg,Sức khỏe,laodong.vn,22/12/2021 | 14:00
https://laodong.vn/dinh-duong-am-thuc/4-loi-ich-doi-voi-suc-khoe-khi-an-dau-phong-trong-mua-dong-985898.ldo,4 lợi ích đối với sức khoẻ khi ăn đậu phộng trong mùa đông,https://media-cdn.laodong.vn/storage/newsportal/2021/12/18/985898/Dau.jpg?w=888&h=592&crop=auto&scale=both,Sức khỏe,laodong.vn,22/12/2021 | 12:00
https://laodong.vn/suc-khoe/dieu-gi-co-the-xay-ra-voi-co-the-ban-neu-nhin-an-trong-1-ngay-986216.ldo,Điều gì có thể xảy ra với cơ thể bạn nếu nhịn ăn trong 1 ngày?,https://media-cdn.laodong.vn/storage/newsportal/2021/12/19/986216/6F6f065e90ad95364aec.jpeg?w=888&h=592&crop=auto&scale=both,Sức khỏe,laodong.vn,22/12/2021 | 10:00
https://laodong.vn/suc-khoe/tiet-lo-tac-dong-cua-covid-19-doi-voi-tinh-trung-987141.ldo,Tiết lộ tác động của COVID-19 đối với tinh trùng,https://media-cdn.laodong.vn/storage/newsportal/2021/12/22/987141/COVID-19.jpg?w=888&h=592&crop=auto&scale=both,Sức khỏe,laodong.vn,22/12/2021 | 08:24
https://laodong.vn/suc-khoe/5-dau-hieu-cho-thay-co-the-ban-dang-lao-hoa-qua-nhanh-986195.ldo,5 dấu hiệu cho thấy cơ thể bạn đang lão hoá quá nhanh,https://media-cdn.laodong.vn/storage/newsportal/2021/12/19/986195/56EC29EC-17FE-40CD-B.jpeg?w=888&h=592&crop=auto&scale=both,Sức khỏe,laodong.vn,22/12/2021 | 08:00
https://laodong.vn/suc-khoe/loi-ich-tiem-an-cua-hat-me-doi-voi-suc-khoe-986951.ldo,Lợi ích tiềm ẩn của hạt me đối với sức khỏe,"data:image/gif;base64,R0lGODlhAwACAIAAAAAAAP///yH5BAEAAAAALAAAAAADAAIAAAIChF8AOw==",Sức khỏe,laodong.vn,22/12/2021 | 07:00
https://laodong.vn/suc-khoe/li-do-nen-uong-sua-nghe-vao-buoi-toi-mua-dong-truoc-khi-ngu-986867.ldo,Lí do nên uống sữa nghệ vào buổi tối mùa đông trước khi ngủ,https://media-cdn.laodong.vn/storage/newsportal/2021/12/21/986867/IMG_3089.JPG?w=888&h=592&crop=auto&scale=both,Sức khỏe,laodong.vn,21/12/2021 | 21:30
https://laodong.vn/giai-tri/khong-chi-jisoo-cac-thanh-vien-blackpink-deu-bi-chi-trich-vi-snowdrop-986926.ldo,"Không chỉ Jisoo, các thành viên Blackpink đều bị chỉ trích vì ""Snowdrop""",https://media-cdn.laodong.vn/storage/newsportal/2021/12/21/986926/Blackpink.jpeg?w=888&h=592&crop=auto&scale=both,Giải trí,laodong.vn,21/12/2021 | 14:51
https://laodong.vn/giai-tri/cuoi-nam-2021-suga-cua-bts-da-pha-vo-ky-luc-rose-blackpink-the-nao-987090.ldo,"Cuối năm 2021, SUGA của BTS đã phá vỡ kỷ lục Rosé - Blackpink thế nào?",https://media-cdn.laodong.vn/storage/newsportal/2021/12/21/987090/Suga-Rose-33.jpg?w=888&h=592&crop=auto&scale=both,Giải trí,laodong.vn,21/12/2021 | 21:46
https://laodong.vn/giai-tri/nhip-showbiz-minh-cuc-mac-covid-19-gin-tuan-kiet-va-puka-gap-nghi-van-987020.ldo,"Nhịp Showbiz: Minh Cúc mắc COVID-19, Gin Tuấn Kiệt và Puka gặp nghi vấn",https://media-cdn.laodong.vn/storage/newsportal/2021/12/21/987020/171691392_3966152093.jpeg?w=888&h=592&crop=auto&scale=both,Giải trí,laodong.vn,21/12/2021 | 19:59
https://laodong.vn/giai-tri/formula-of-love-0t3-cua-twice-tiep-tuc-co-thanh-tich-vuot-troi-987129.ldo,“Formula of Love: 0+T=<3” của TWICE tiếp tục có thành tích vượt trội,https://media-cdn.laodong.vn/storage/newsportal/2021/12/21/987129/Nhom-Nhac-TWICE.jpg?w=888&h=592&crop=auto&scale=both,Giải trí,laodong.vn,22/12/2021 | 08:59
https://laodong.vn/giai-tri/10-bai-hat-hay-nhat-2021-blackpink-vang-mat-bts-aespa-co-dat-top-1-987411.ldo,"10 bài hát hay nhất 2021: Blackpink vắng mặt, BTS, aespa có đạt top 1?",https://media-cdn.laodong.vn/storage/newsportal/2021/12/22/987411/Blackpink-Bts-01.jpg?w=888&h=592&crop=auto&scale=both,Giải trí,laodong.vn,22/12/2021 | 18:53
https://laodong.vn/giai-tri/bo-gia-cua-tran-thanh-truot-de-cu-oscar-3-phim-chau-a-lot-vao-vong-trong-987223.ldo,"“Bố già” của Trấn Thành trượt đề cử Oscar, 3 phim Châu Á lọt vào vòng trong",https://media-cdn.laodong.vn/storage/newsportal/2021/12/22/987223/8B3B2A2A-F23A-4067-8.jpeg?w=888&h=592&crop=auto&scale=both,Giải trí,laodong.vn,22/12/2021 | 12:25
https://laodong.vn/giai-tri/khan-gia-lo-lang-cho-do-thi-ha-sau-khi-hoa-hau-mac-covid-19-987555.ldo,Khán giả lo lắng cho Đỗ Thị Hà sau khi hoa hậu mắc COVID-19,https://media-cdn.laodong.vn/Storage/NewsPortal/2021/12/23/987555/268783251_1305013689.jpg,Giải trí,laodong.vn,23/12/2021 | 10:08
https://laodong.vn/van-hoa/adele-danh-bai-taylor-swift-justin-bieber-suga-bts-thanh-tich-moi-987463.ldo,"Adele ""đánh bại"" Taylor Swift, Justin Bieber, SUGA - BTS thành tích mới",https://media-cdn.laodong.vn/storage/newsportal/2021/12/22/987463/Adele-Bts.jpg?w=888&h=592&crop=auto&scale=both,Giải trí,laodong.vn,22/12/2021 | 20:55
https://laodong.vn/giai-tri/nhip-showbiz-tran-thanh-lai-bi-loi-dung-hinh-anh-vo-chong-le-be-la-ly-hon-987458.ldo,"Nhịp Showbiz: Trấn Thành lại bị lợi dụng hình ảnh, vợ chồng Lê Bê La ly hôn",https://media-cdn.laodong.vn/storage/newsportal/2021/12/22/987458/Tran-Thanh.jpeg?w=888&h=592&crop=auto&scale=both,Giải trí,laodong.vn,22/12/2021 | 20:52
https://laodong.vn/van-hoa-giai-tri/trao-giai-canh-dieu-2020-bo-gia-cua-tran-thanh-duoc-vinh-danh-987422.ldo,"Trao giải Cánh diều 2020: ""Bố già"" của Trấn Thành được vinh danh",https://media-cdn.laodong.vn/storage/newsportal/2021/12/22/987422/2.jpg?w=888&h=592&crop=auto&scale=both,Giải trí,laodong.vn,22/12/2021 | 19:45
https://laodong.vn/giai-tri/thuy-tien-bi-chi-trich-vi-lien-tuc-dien-trang-phuc-khoe-than-qua-da-987425.ldo,"Thuỳ Tiên bị chỉ trích vì liên tục diện trang phục ""khoe thân"" quá đà",https://media-cdn.laodong.vn/Storage/NewsPortal/2021/12/22/987425/Thuy-Tien.jpg,Giải trí,laodong.vn,22/12/2021 | 19:34
https://laodong.vn/giai-tri/phia-hoai-linh-noi-gi-ve-thong-tin-ra-nuoc-ngoai-ne-on-ao-tu-thien-987336.ldo,Phía Hoài Linh nói gì về thông tin ra nước ngoài né ồn ào từ thiện?,https://media-cdn.laodong.vn/storage/newsportal/2021/12/22/987336/Hoai-Linh-2.jpg?w=888&h=592&crop=auto&scale=both,Giải trí,laodong.vn,22/12/2021 | 16:45
https://laodong.vn/giai-tri/hoa-hau-the-gioi-viet-nam-da-co-lich-chung-ket-va-nhan-thi-sinh-tham-my-987331.ldo,Hoa hậu thế giới Việt Nam đã có lịch chung kết và nhận thí sinh thẩm mỹ,https://media-cdn.laodong.vn/storage/newsportal/2021/12/22/987331/TOP-3-MWVN-2019-1.jpg?w=888&h=592&crop=auto&scale=both,Giải trí,laodong.vn,22/12/2021 | 16:36
https://laodong.vn/van-hoa-giai-tri/vi-sao-bac-dau-cong-ly-kho-thay-the-987310.ldo,Vì sao “Bắc Đẩu” Công Lý khó thay thế?,https://media-cdn.laodong.vn/storage/newsportal/2021/12/22/987310/Bacdau.jpg?w=888&h=592&crop=auto&scale=both,Giải trí,laodong.vn,22/12/2021 | 15:29
https://laodong.vn/van-hoa-giai-tri/nguon-goc-va-y-nghia-cua-ngay-le-giang-sinh-987192.ldo,Nguồn gốc và ý nghĩa của ngày lễ Giáng Sinh,https://media-cdn.laodong.vn/storage/newsportal/2021/12/22/987192/Noel-Ha-Noi-Choi-Dau.jpeg?w=888&h=592&crop=auto&scale=both,Giải trí,laodong.vn,22/12/2021 | 10:44
https://laodong.vn/van-hoa-giai-tri/giai-ma-ve-do-gom-dung-trong-hoang-cung-thang-long-xua-987111.ldo,Giải mã về đồ gốm dùng trong Hoàng cung Thăng Long xưa,https://media-cdn.laodong.vn/storage/newsportal/2021/12/21/987111/6-2.jpg?w=888&h=592&crop=auto&scale=both,Giải trí,laodong.vn,22/12/2021 | 10:20
https://laodong.vn/giai-tri/miss-world-thong-bao-lich-trinh-chung-ket-do-thi-ha-co-kip-an-tet-987185.ldo,"Miss World thông báo lịch trình chung kết, Đỗ Thị Hà có kịp ăn Tết?",https://media-cdn.laodong.vn/storage/newsportal/2021/12/22/987185/Do-Thi-Ha.jpg?w=888&h=592&crop=auto&scale=both,Giải trí,laodong.vn,22/12/2021 | 09:57
https://laodong.vn/giai-tri/net-moi-trong-tuan-phim-dau-tien-cua-viet-nam-tai-trung-dong-987153.ldo,Nét mới trong Tuần phim đầu tiên của Việt Nam tại Trung Đông,https://media-cdn.laodong.vn/storage/newsportal/2021/12/22/987153/264487048_6168172328.jpg?w=888&h=592&crop=auto&scale=both,Giải trí,laodong.vn,22/12/2021 | 09:40
https://laodong.vn/van-hoa-giai-tri/loat-scandal-rung-chuyen-showbiz-viet-nam-2021-987007.ldo,Loạt scandal “rung chuyển” showbiz Việt năm 2021,https://media-cdn.laodong.vn/storage/newsportal/2021/12/21/987007/Scandal1.jpg?w=888&h=592&crop=auto&scale=both,Giải trí,laodong.vn,22/12/2021 | 07:00
https://laodong.vn/van-hoa-giai-tri/doan-trang-cho-con-gai-mac-trang-phuc-hang-tram-nam-tuoi-don-giang-sinh-987039.ldo,Đoan Trang cho con gái mặc trang phục hàng trăm năm tuổi đón Giáng sinh,https://media-cdn.laodong.vn/storage/newsportal/2021/12/21/987039/268551809_3116225328.jpg?w=888&h=592&crop=auto&scale=both,Giải trí,laodong.vn,21/12/2021 | 23:00
https://laodong.vn/giai-tri/huan-luyen-vien-nao-dang-so-huu-doi-hinh-manh-nhat-rap-viet-986856.ldo,Huấn luyện viên nào đang sở hữu đội hình mạnh nhất Rap Việt?,https://media-cdn.laodong.vn/storage/newsportal/2021/12/21/986856/254326170_4595713288.jpeg?w=888&h=592&crop=auto&scale=both,Giải trí,laodong.vn,21/12/2021 | 14:23
https://laodong.vn/giai-tri/hoa-hau-dep-nhat-han-quoc-ket-hon-o-tuoi-39-986908.ldo,"""Hoa hậu đẹp nhất Hàn Quốc"" kết hôn ở tuổi 39",https://media-cdn.laodong.vn/storage/newsportal/2021/12/21/986908/DFE90E98-49E8-455B-8.jpeg?w=888&h=592&crop=auto&scale=both,Giải trí,laodong.vn,21/12/2021 | 13:39
https://laodong.vn/giai-tri/nhung-scandal-rung-dong-gioi-giai-tri-trung-quoc-nam-2021-986847.ldo,Những scandal rúng động giới giải trí Trung Quốc năm 2021,https://media-cdn.laodong.vn/Storage/NewsPortal/2021/12/21/986847/Trinh-Sang-Xinhua.jpeg,Giải trí,laodong.vn,21/12/2021 | 11:30
https://laodong.vn/giai-tri/ai-co-the-vao-vai-bac-dau-neu-nsnd-cong-ly-khong-tham-gia-tao-quan-986631.ldo,Ai có thể vào vai Bắc Đẩu nếu NSND Công Lý không tham gia Táo Quân?,https://media-cdn.laodong.vn/storage/newsportal/2021/12/20/986631/Cong-Ly-Dap-Tra-Khi-.jpeg?w=888&h=592&crop=auto&scale=both,Giải trí,laodong.vn,21/12/2021 | 10:14
